Method;Job;AnalyzeLaunchVariance;EvaluateOverhead;MaxAbsoluteError;MaxRelativeError;MinInvokeCount;MinIterationTime;OutlierMode;Affinity;EnvironmentVariables;Jit;LargeAddressAware;Platform;PowerPlanMode;Runtime;AllowVeryLargeObjects;Concurrent;CpuGroups;Force;HeapAffinitizeMask;HeapCount;NoAffinitize;RetainVm;Server;Arguments;BuildConfiguration;Clock;EngineFactory;NuGetReferences;Toolchain;IsMutator;InvocationCount;IterationCount;IterationTime;LaunchCount;MaxIterationCount;MaxWarmupIterationCount;MemoryRandomization;MinIterationCount;MinWarmupIterationCount;RunStrategy;UnrollFactor;WarmupCount;Scenario;Mean;Error;StdDev;Ratio;RatioSD;Gen0;Gen1;Allocated;Alloc Ratio
NaiveScan_MatchToArray;DefaultJob;False;Default;Default;Default;Default;Default;Default;1111111111111111;Empty;RyuJit;Default;X64;8c5e7fda-e8bf-4a96-9a85-a6e23a8c635c;.NET 10.0;False;True;False;True;Default;Default;False;False;False;Default;Default;Default;Default;Default;Default;Default;Default;Default;Default;Default;Default;Default;Default;Default;Default;Default;16;Default;ExactOnlySparseDeep;"3,821.120 ns";55.2613 ns;51.6915 ns;1.000;0.02;0.0076;0.0000;104 B;1.00
Trie_GetMatchCountUpperBound;DefaultJob;False;Default;Default;Default;Default;Default;Default;1111111111111111;Empty;RyuJit;Default;X64;8c5e7fda-e8bf-4a96-9a85-a6e23a8c635c;.NET 10.0;False;True;False;True;Default;Default;False;False;False;Default;Default;Default;Default;Default;Default;Default;Default;Default;Default;Default;Default;Default;Default;Default;Default;Default;16;Default;ExactOnlySparseDeep;27.906 ns;0.2086 ns;0.1849 ns;0.007;0.00;0.0000;0.0000;0 B;0.00
Trie_MatchToSpan;DefaultJob;False;Default;Default;Default;Default;Default;Default;1111111111111111;Empty;RyuJit;Default;X64;8c5e7fda-e8bf-4a96-9a85-a6e23a8c635c;.NET 10.0;False;True;False;True;Default;Default;False;False;False;Default;Default;Default;Default;Default;Default;Default;Default;Default;Default;Default;Default;Default;Default;Default;Default;Default;16;Default;ExactOnlySparseDeep;31.686 ns;0.2088 ns;0.1954 ns;0.008;0.00;0.0000;0.0000;0 B;0.00
Trie_MatchToArray;DefaultJob;False;Default;Default;Default;Default;Default;Default;1111111111111111;Empty;RyuJit;Default;X64;8c5e7fda-e8bf-4a96-9a85-a6e23a8c635c;.NET 10.0;False;True;False;True;Default;Default;False;False;False;Default;Default;Default;Default;Default;Default;Default;Default;Default;Default;Default;Default;Default;Default;Default;Default;Default;16;Default;ExactOnlySparseDeep;59.339 ns;0.8397 ns;0.7444 ns;0.016;0.00;0.0172;0.0000;144 B;1.38
Trie_MatchDetailedToSpans;DefaultJob;False;Default;Default;Default;Default;Default;Default;1111111111111111;Empty;RyuJit;Default;X64;8c5e7fda-e8bf-4a96-9a85-a6e23a8c635c;.NET 10.0;False;True;False;True;Default;Default;False;False;False;Default;Default;Default;Default;Default;Default;Default;Default;Default;Default;Default;Default;Default;Default;Default;Default;Default;16;Default;ExactOnlySparseDeep;34.106 ns;0.1960 ns;0.1834 ns;0.009;0.00;0.0000;0.0000;0 B;0.00
Trie_MatchDetailedToArray;DefaultJob;False;Default;Default;Default;Default;Default;Default;1111111111111111;Empty;RyuJit;Default;X64;8c5e7fda-e8bf-4a96-9a85-a6e23a8c635c;.NET 10.0;False;True;False;True;Default;Default;False;False;False;Default;Default;Default;Default;Default;Default;Default;Default;Default;Default;Default;Default;Default;Default;Default;Default;Default;16;Default;ExactOnlySparseDeep;120.800 ns;0.6798 ns;0.6026 ns;0.032;0.00;0.0200;0.0000;168 B;1.62
NaiveScan_MatchToArray;DefaultJob;False;Default;Default;Default;Default;Default;Default;1111111111111111;Empty;RyuJit;Default;X64;8c5e7fda-e8bf-4a96-9a85-a6e23a8c635c;.NET 10.0;False;True;False;True;Default;Default;False;False;False;Default;Default;Default;Default;Default;Default;Default;Default;Default;Default;Default;Default;Default;Default;Default;Default;Default;16;Default;ExactOnlyWideFanOut;"17,360.195 ns";299.5511 ns;265.5442 ns;1.000;0.02;0.0000;0.0000;104 B;1.00
Trie_GetMatchCountUpperBound;DefaultJob;False;Default;Default;Default;Default;Default;Default;1111111111111111;Empty;RyuJit;Default;X64;8c5e7fda-e8bf-4a96-9a85-a6e23a8c635c;.NET 10.0;False;True;False;True;Default;Default;False;False;False;Default;Default;Default;Default;Default;Default;Default;Default;Default;Default;Default;Default;Default;Default;Default;Default;Default;16;Default;ExactOnlyWideFanOut;19.091 ns;0.2818 ns;0.2636 ns;0.001;0.00;0.0000;0.0000;0 B;0.00
Trie_MatchToSpan;DefaultJob;False;Default;Default;Default;Default;Default;Default;1111111111111111;Empty;RyuJit;Default;X64;8c5e7fda-e8bf-4a96-9a85-a6e23a8c635c;.NET 10.0;False;True;False;True;Default;Default;False;False;False;Default;Default;Default;Default;Default;Default;Default;Default;Default;Default;Default;Default;Default;Default;Default;Default;Default;16;Default;ExactOnlyWideFanOut;16.816 ns;0.2676 ns;0.2503 ns;0.001;0.00;0.0000;0.0000;0 B;0.00
Trie_MatchToArray;DefaultJob;False;Default;Default;Default;Default;Default;Default;1111111111111111;Empty;RyuJit;Default;X64;8c5e7fda-e8bf-4a96-9a85-a6e23a8c635c;.NET 10.0;False;True;False;True;Default;Default;False;False;False;Default;Default;Default;Default;Default;Default;Default;Default;Default;Default;Default;Default;Default;Default;Default;Default;Default;16;Default;ExactOnlyWideFanOut;31.803 ns;0.2410 ns;0.2254 ns;0.002;0.00;0.0172;0.0000;144 B;1.38
Trie_MatchDetailedToSpans;DefaultJob;False;Default;Default;Default;Default;Default;Default;1111111111111111;Empty;RyuJit;Default;X64;8c5e7fda-e8bf-4a96-9a85-a6e23a8c635c;.NET 10.0;False;True;False;True;Default;Default;False;False;False;Default;Default;Default;Default;Default;Default;Default;Default;Default;Default;Default;Default;Default;Default;Default;Default;Default;16;Default;ExactOnlyWideFanOut;20.476 ns;0.1567 ns;0.1389 ns;0.001;0.00;0.0000;0.0000;0 B;0.00
Trie_MatchDetailedToArray;DefaultJob;False;Default;Default;Default;Default;Default;Default;1111111111111111;Empty;RyuJit;Default;X64;8c5e7fda-e8bf-4a96-9a85-a6e23a8c635c;.NET 10.0;False;True;False;True;Default;Default;False;False;False;Default;Default;Default;Default;Default;Default;Default;Default;Default;Default;Default;Default;Default;Default;Default;Default;Default;16;Default;ExactOnlyWideFanOut;68.614 ns;0.7555 ns;0.6697 ns;0.004;0.00;0.0200;0.0000;168 B;1.62
NaiveScan_MatchToArray;DefaultJob;False;Default;Default;Default;Default;Default;Default;1111111111111111;Empty;RyuJit;Default;X64;8c5e7fda-e8bf-4a96-9a85-a6e23a8c635c;.NET 10.0;False;True;False;True;Default;Default;False;False;False;Default;Default;Default;Default;Default;Default;Default;Default;Default;Default;Default;Default;Default;Default;Default;Default;Default;16;Default;WildcardSparse;"1,219.268 ns";9.8099 ns;8.6963 ns;1.00;0.01;0.0134;0.0000;112 B;1.00
Trie_GetMatchCountUpperBound;DefaultJob;False;Default;Default;Default;Default;Default;Default;1111111111111111;Empty;RyuJit;Default;X64;8c5e7fda-e8bf-4a96-9a85-a6e23a8c635c;.NET 10.0;False;True;False;True;Default;Default;False;False;False;Default;Default;Default;Default;Default;Default;Default;Default;Default;Default;Default;Default;Default;Default;Default;Default;Default;16;Default;WildcardSparse;54.230 ns;0.7703 ns;0.7206 ns;0.04;0.00;0.0000;0.0000;0 B;0.00
Trie_MatchToSpan;DefaultJob;False;Default;Default;Default;Default;Default;Default;1111111111111111;Empty;RyuJit;Default;X64;8c5e7fda-e8bf-4a96-9a85-a6e23a8c635c;.NET 10.0;False;True;False;True;Default;Default;False;False;False;Default;Default;Default;Default;Default;Default;Default;Default;Default;Default;Default;Default;Default;Default;Default;Default;Default;16;Default;WildcardSparse;74.538 ns;0.6310 ns;0.5902 ns;0.06;0.00;0.0000;0.0000;0 B;0.00
Trie_MatchToArray;DefaultJob;False;Default;Default;Default;Default;Default;Default;1111111111111111;Empty;RyuJit;Default;X64;8c5e7fda-e8bf-4a96-9a85-a6e23a8c635c;.NET 10.0;False;True;False;True;Default;Default;False;False;False;Default;Default;Default;Default;Default;Default;Default;Default;Default;Default;Default;Default;Default;Default;Default;Default;Default;16;Default;WildcardSparse;110.984 ns;1.3999 ns;1.2410 ns;0.09;0.00;0.0267;0.0000;224 B;2.00
Trie_MatchDetailedToSpans;DefaultJob;False;Default;Default;Default;Default;Default;Default;1111111111111111;Empty;RyuJit;Default;X64;8c5e7fda-e8bf-4a96-9a85-a6e23a8c635c;.NET 10.0;False;True;False;True;Default;Default;False;False;False;Default;Default;Default;Default;Default;Default;Default;Default;Default;Default;Default;Default;Default;Default;Default;Default;Default;16;Default;WildcardSparse;86.170 ns;1.0518 ns;0.9838 ns;0.07;0.00;0.0000;0.0000;0 B;0.00
Trie_MatchDetailedToArray;DefaultJob;False;Default;Default;Default;Default;Default;Default;1111111111111111;Empty;RyuJit;Default;X64;8c5e7fda-e8bf-4a96-9a85-a6e23a8c635c;.NET 10.0;False;True;False;True;Default;Default;False;False;False;Default;Default;Default;Default;Default;Default;Default;Default;Default;Default;Default;Default;Default;Default;Default;Default;Default;16;Default;WildcardSparse;280.761 ns;3.3167 ns;3.1025 ns;0.23;0.00;0.0525;0.0000;440 B;3.93
NaiveScan_MatchToArray;DefaultJob;False;Default;Default;Default;Default;Default;Default;1111111111111111;Empty;RyuJit;Default;X64;8c5e7fda-e8bf-4a96-9a85-a6e23a8c635c;.NET 10.0;False;True;False;True;Default;Default;False;False;False;Default;Default;Default;Default;Default;Default;Default;Default;Default;Default;Default;Default;Default;Default;Default;Default;Default;16;Default;WildcardDense;"30,175.704 ns";92.0917 ns;76.9007 ns;1.000;0.00;0.0000;0.0000;112 B;1.00
Trie_GetMatchCountUpperBound;DefaultJob;False;Default;Default;Default;Default;Default;Default;1111111111111111;Empty;RyuJit;Default;X64;8c5e7fda-e8bf-4a96-9a85-a6e23a8c635c;.NET 10.0;False;True;False;True;Default;Default;False;False;False;Default;Default;Default;Default;Default;Default;Default;Default;Default;Default;Default;Default;Default;Default;Default;Default;Default;16;Default;WildcardDense;54.956 ns;0.2914 ns;0.2726 ns;0.002;0.00;0.0000;0.0000;0 B;0.00
Trie_MatchToSpan;DefaultJob;False;Default;Default;Default;Default;Default;Default;1111111111111111;Empty;RyuJit;Default;X64;8c5e7fda-e8bf-4a96-9a85-a6e23a8c635c;.NET 10.0;False;True;False;True;Default;Default;False;False;False;Default;Default;Default;Default;Default;Default;Default;Default;Default;Default;Default;Default;Default;Default;Default;Default;Default;16;Default;WildcardDense;75.947 ns;0.8038 ns;0.7519 ns;0.003;0.00;0.0000;0.0000;0 B;0.00
Trie_MatchToArray;DefaultJob;False;Default;Default;Default;Default;Default;Default;1111111111111111;Empty;RyuJit;Default;X64;8c5e7fda-e8bf-4a96-9a85-a6e23a8c635c;.NET 10.0;False;True;False;True;Default;Default;False;False;False;Default;Default;Default;Default;Default;Default;Default;Default;Default;Default;Default;Default;Default;Default;Default;Default;Default;16;Default;WildcardDense;116.215 ns;1.4850 ns;1.3164 ns;0.004;0.00;0.0267;0.0000;224 B;2.00
Trie_MatchDetailedToSpans;DefaultJob;False;Default;Default;Default;Default;Default;Default;1111111111111111;Empty;RyuJit;Default;X64;8c5e7fda-e8bf-4a96-9a85-a6e23a8c635c;.NET 10.0;False;True;False;True;Default;Default;False;False;False;Default;Default;Default;Default;Default;Default;Default;Default;Default;Default;Default;Default;Default;Default;Default;Default;Default;16;Default;WildcardDense;89.538 ns;0.8525 ns;0.7974 ns;0.003;0.00;0.0000;0.0000;0 B;0.00
Trie_MatchDetailedToArray;DefaultJob;False;Default;Default;Default;Default;Default;Default;1111111111111111;Empty;RyuJit;Default;X64;8c5e7fda-e8bf-4a96-9a85-a6e23a8c635c;.NET 10.0;False;True;False;True;Default;Default;False;False;False;Default;Default;Default;Default;Default;Default;Default;Default;Default;Default;Default;Default;Default;Default;Default;Default;Default;16;Default;WildcardDense;274.099 ns;3.5287 ns;3.3007 ns;0.009;0.00;0.0525;0.0000;440 B;3.93
NaiveScan_MatchToArray;DefaultJob;False;Default;Default;Default;Default;Default;Default;1111111111111111;Empty;RyuJit;Default;X64;8c5e7fda-e8bf-4a96-9a85-a6e23a8c635c;.NET 10.0;False;True;False;True;Default;Default;False;False;False;Default;Default;Default;Default;Default;Default;Default;Default;Default;Default;Default;Default;Default;Default;Default;Default;Default;16;Default;PrefixExactOnly;"31,320.537 ns";521.3397 ns;462.1541 ns;1.000;0.02;0.0000;0.0000;104 B;1.00
Trie_GetMatchCountUpperBound;DefaultJob;False;Default;Default;Default;Default;Default;Default;1111111111111111;Empty;RyuJit;Default;X64;8c5e7fda-e8bf-4a96-9a85-a6e23a8c635c;.NET 10.0;False;True;False;True;Default;Default;False;False;False;Default;Default;Default;Default;Default;Default;Default;Default;Default;Default;Default;Default;Default;Default;Default;Default;Default;16;Default;PrefixExactOnly;18.532 ns;0.2453 ns;0.2295 ns;0.001;0.00;0.0000;0.0000;0 B;0.00
Trie_MatchToSpan;DefaultJob;False;Default;Default;Default;Default;Default;Default;1111111111111111;Empty;RyuJit;Default;X64;8c5e7fda-e8bf-4a96-9a85-a6e23a8c635c;.NET 10.0;False;True;False;True;Default;Default;False;False;False;Default;Default;Default;Default;Default;Default;Default;Default;Default;Default;Default;Default;Default;Default;Default;Default;Default;16;Default;PrefixExactOnly;31.507 ns;0.2680 ns;0.2507 ns;0.001;0.00;0.0000;0.0000;0 B;0.00
Trie_MatchToArray;DefaultJob;False;Default;Default;Default;Default;Default;Default;1111111111111111;Empty;RyuJit;Default;X64;8c5e7fda-e8bf-4a96-9a85-a6e23a8c635c;.NET 10.0;False;True;False;True;Default;Default;False;False;False;Default;Default;Default;Default;Default;Default;Default;Default;Default;Default;Default;Default;Default;Default;Default;Default;Default;16;Default;PrefixExactOnly;60.510 ns;0.7267 ns;0.6797 ns;0.002;0.00;0.0210;0.0000;176 B;1.69
Trie_MatchDetailedToSpans;DefaultJob;False;Default;Default;Default;Default;Default;Default;1111111111111111;Empty;RyuJit;Default;X64;8c5e7fda-e8bf-4a96-9a85-a6e23a8c635c;.NET 10.0;False;True;False;True;Default;Default;False;False;False;Default;Default;Default;Default;Default;Default;Default;Default;Default;Default;Default;Default;Default;Default;Default;Default;Default;16;Default;PrefixExactOnly;34.507 ns;0.4229 ns;0.3749 ns;0.001;0.00;0.0000;0.0000;0 B;0.00
Trie_MatchDetailedToArray;DefaultJob;False;Default;Default;Default;Default;Default;Default;1111111111111111;Empty;RyuJit;Default;X64;8c5e7fda-e8bf-4a96-9a85-a6e23a8c635c;.NET 10.0;False;True;False;True;Default;Default;False;False;False;Default;Default;Default;Default;Default;Default;Default;Default;Default;Default;Default;Default;Default;Default;Default;Default;Default;16;Default;PrefixExactOnly;138.765 ns;0.8727 ns;0.7288 ns;0.004;0.00;0.0305;0.0000;256 B;2.46
NaiveScan_MatchToArray;DefaultJob;False;Default;Default;Default;Default;Default;Default;1111111111111111;Empty;RyuJit;Default;X64;8c5e7fda-e8bf-4a96-9a85-a6e23a8c635c;.NET 10.0;False;True;False;True;Default;Default;False;False;False;Default;Default;Default;Default;Default;Default;Default;Default;Default;Default;Default;Default;Default;Default;Default;Default;Default;16;Default;PrefixWildcard;"32,941.168 ns";417.1451 ns;390.1978 ns;1.000;0.02;0.0000;0.0000;176 B;1.00
Trie_GetMatchCountUpperBound;DefaultJob;False;Default;Default;Default;Default;Default;Default;1111111111111111;Empty;RyuJit;Default;X64;8c5e7fda-e8bf-4a96-9a85-a6e23a8c635c;.NET 10.0;False;True;False;True;Default;Default;False;False;False;Default;Default;Default;Default;Default;Default;Default;Default;Default;Default;Default;Default;Default;Default;Default;Default;Default;16;Default;PrefixWildcard;63.428 ns;0.1566 ns;0.1388 ns;0.002;0.00;0.0000;0.0000;0 B;0.00
Trie_MatchToSpan;DefaultJob;False;Default;Default;Default;Default;Default;Default;1111111111111111;Empty;RyuJit;Default;X64;8c5e7fda-e8bf-4a96-9a85-a6e23a8c635c;.NET 10.0;False;True;False;True;Default;Default;False;False;False;Default;Default;Default;Default;Default;Default;Default;Default;Default;Default;Default;Default;Default;Default;Default;Default;Default;16;Default;PrefixWildcard;98.421 ns;0.6128 ns;0.5732 ns;0.003;0.00;0.0000;0.0000;0 B;0.00
Trie_MatchToArray;DefaultJob;False;Default;Default;Default;Default;Default;Default;1111111111111111;Empty;RyuJit;Default;X64;8c5e7fda-e8bf-4a96-9a85-a6e23a8c635c;.NET 10.0;False;True;False;True;Default;Default;False;False;False;Default;Default;Default;Default;Default;Default;Default;Default;Default;Default;Default;Default;Default;Default;Default;Default;Default;16;Default;PrefixWildcard;155.233 ns;1.9556 ns;1.8293 ns;0.005;0.00;0.0343;0.0000;288 B;1.64
Trie_MatchDetailedToSpans;DefaultJob;False;Default;Default;Default;Default;Default;Default;1111111111111111;Empty;RyuJit;Default;X64;8c5e7fda-e8bf-4a96-9a85-a6e23a8c635c;.NET 10.0;False;True;False;True;Default;Default;False;False;False;Default;Default;Default;Default;Default;Default;Default;Default;Default;Default;Default;Default;Default;Default;Default;Default;Default;16;Default;PrefixWildcard;125.139 ns;1.1626 ns;1.0875 ns;0.004;0.00;0.0000;0.0000;0 B;0.00
Trie_MatchDetailedToArray;DefaultJob;False;Default;Default;Default;Default;Default;Default;1111111111111111;Empty;RyuJit;Default;X64;8c5e7fda-e8bf-4a96-9a85-a6e23a8c635c;.NET 10.0;False;True;False;True;Default;Default;False;False;False;Default;Default;Default;Default;Default;Default;Default;Default;Default;Default;Default;Default;Default;Default;Default;Default;Default;16;Default;PrefixWildcard;355.538 ns;2.0613 ns;1.8273 ns;0.011;0.00;0.0639;0.0000;536 B;3.05
NaiveScan_MatchToArray;DefaultJob;False;Default;Default;Default;Default;Default;Default;1111111111111111;Empty;RyuJit;Default;X64;8c5e7fda-e8bf-4a96-9a85-a6e23a8c635c;.NET 10.0;False;True;False;True;Default;Default;False;False;False;Default;Default;Default;Default;Default;Default;Default;Default;Default;Default;Default;Default;Default;Default;Default;Default;Default;16;Default;Dupli(...)icate [25];"1,538.144 ns";10.7264 ns;9.5087 ns;1.00;0.01;0.1106;0.0000;928 B;1.00
Trie_GetMatchCountUpperBound;DefaultJob;False;Default;Default;Default;Default;Default;Default;1111111111111111;Empty;RyuJit;Default;X64;8c5e7fda-e8bf-4a96-9a85-a6e23a8c635c;.NET 10.0;False;True;False;True;Default;Default;False;False;False;Default;Default;Default;Default;Default;Default;Default;Default;Default;Default;Default;Default;Default;Default;Default;Default;Default;16;Default;Dupli(...)icate [25];37.429 ns;0.1785 ns;0.1670 ns;0.02;0.00;0.0000;0.0000;0 B;0.00
Trie_MatchToSpan;DefaultJob;False;Default;Default;Default;Default;Default;Default;1111111111111111;Empty;RyuJit;Default;X64;8c5e7fda-e8bf-4a96-9a85-a6e23a8c635c;.NET 10.0;False;True;False;True;Default;Default;False;False;False;Default;Default;Default;Default;Default;Default;Default;Default;Default;Default;Default;Default;Default;Default;Default;Default;Default;16;Default;Dupli(...)icate [25];168.931 ns;0.7048 ns;0.6248 ns;0.11;0.00;0.0000;0.0000;0 B;0.00
Trie_MatchToArray;DefaultJob;False;Default;Default;Default;Default;Default;Default;1111111111111111;Empty;RyuJit;Default;X64;8c5e7fda-e8bf-4a96-9a85-a6e23a8c635c;.NET 10.0;False;True;False;True;Default;Default;False;False;False;Default;Default;Default;Default;Default;Default;Default;Default;Default;Default;Default;Default;Default;Default;Default;Default;Default;16;Default;Dupli(...)icate [25];827.806 ns;7.5635 ns;7.0749 ns;0.54;0.01;0.2308;0.0010;1936 B;2.09
Trie_MatchDetailedToSpans;DefaultJob;False;Default;Default;Default;Default;Default;Default;1111111111111111;Empty;RyuJit;Default;X64;8c5e7fda-e8bf-4a96-9a85-a6e23a8c635c;.NET 10.0;False;True;False;True;Default;Default;False;False;False;Default;Default;Default;Default;Default;Default;Default;Default;Default;Default;Default;Default;Default;Default;Default;Default;Default;16;Default;Dupli(...)icate [25];"5,486.242 ns";91.8487 ns;81.4215 ns;3.57;0.06;0.0000;0.0000;0 B;0.00
Trie_MatchDetailedToArray;DefaultJob;False;Default;Default;Default;Default;Default;Default;1111111111111111;Empty;RyuJit;Default;X64;8c5e7fda-e8bf-4a96-9a85-a6e23a8c635c;.NET 10.0;False;True;False;True;Default;Default;False;False;False;Default;Default;Default;Default;Default;Default;Default;Default;Default;Default;Default;Default;Default;Default;Default;Default;Default;16;Default;Dupli(...)icate [25];"6,980.554 ns";139.6208 ns;171.4669 ns;4.54;0.11;1.1673;0.0381;9800 B;10.56
NaiveScan_MatchToArray;DefaultJob;False;Default;Default;Default;Default;Default;Default;1111111111111111;Empty;RyuJit;Default;X64;8c5e7fda-e8bf-4a96-9a85-a6e23a8c635c;.NET 10.0;False;True;False;True;Default;Default;False;False;False;Default;Default;Default;Default;Default;Default;Default;Default;Default;Default;Default;Default;Default;Default;Default;Default;Default;16;Default;Dupli(...)cates [32];"1,284.551 ns";22.9291 ns;21.4479 ns;1.00;0.02;0.3910;0.0000;3280 B;1.00
Trie_GetMatchCountUpperBound;DefaultJob;False;Default;Default;Default;Default;Default;Default;1111111111111111;Empty;RyuJit;Default;X64;8c5e7fda-e8bf-4a96-9a85-a6e23a8c635c;.NET 10.0;False;True;False;True;Default;Default;False;False;False;Default;Default;Default;Default;Default;Default;Default;Default;Default;Default;Default;Default;Default;Default;Default;Default;Default;16;Default;Dupli(...)cates [32];39.780 ns;0.1542 ns;0.1288 ns;0.03;0.00;0.0000;0.0000;0 B;0.00
Trie_MatchToSpan;DefaultJob;False;Default;Default;Default;Default;Default;Default;1111111111111111;Empty;RyuJit;Default;X64;8c5e7fda-e8bf-4a96-9a85-a6e23a8c635c;.NET 10.0;False;True;False;True;Default;Default;False;False;False;Default;Default;Default;Default;Default;Default;Default;Default;Default;Default;Default;Default;Default;Default;Default;Default;Default;16;Default;Dupli(...)cates [32];55.513 ns;0.1641 ns;0.1370 ns;0.04;0.00;0.0000;0.0000;0 B;0.00
Trie_MatchToArray;DefaultJob;False;Default;Default;Default;Default;Default;Default;1111111111111111;Empty;RyuJit;Default;X64;8c5e7fda-e8bf-4a96-9a85-a6e23a8c635c;.NET 10.0;False;True;False;True;Default;Default;False;False;False;Default;Default;Default;Default;Default;Default;Default;Default;Default;Default;Default;Default;Default;Default;Default;Default;Default;16;Default;Dupli(...)cates [32];421.658 ns;6.3423 ns;5.6223 ns;0.33;0.01;0.3576;0.0014;2992 B;0.91
Trie_MatchDetailedToSpans;DefaultJob;False;Default;Default;Default;Default;Default;Default;1111111111111111;Empty;RyuJit;Default;X64;8c5e7fda-e8bf-4a96-9a85-a6e23a8c635c;.NET 10.0;False;True;False;True;Default;Default;False;False;False;Default;Default;Default;Default;Default;Default;Default;Default;Default;Default;Default;Default;Default;Default;Default;Default;Default;16;Default;Dupli(...)cates [32];616.283 ns;3.5322 ns;3.3040 ns;0.48;0.01;0.0000;0.0000;0 B;0.00
Trie_MatchDetailedToArray;DefaultJob;False;Default;Default;Default;Default;Default;Default;1111111111111111;Empty;RyuJit;Default;X64;8c5e7fda-e8bf-4a96-9a85-a6e23a8c635c;.NET 10.0;False;True;False;True;Default;Default;False;False;False;Default;Default;Default;Default;Default;Default;Default;Default;Default;Default;Default;Default;Default;Default;Default;Default;Default;16;Default;Dupli(...)cates [32];"4,061.416 ns";44.4886 ns;41.6147 ns;3.16;0.06;2.8229;0.2136;23624 B;7.20
NaiveScan_MatchToArray;DefaultJob;False;Default;Default;Default;Default;Default;Default;1111111111111111;Empty;RyuJit;Default;X64;8c5e7fda-e8bf-4a96-9a85-a6e23a8c635c;.NET 10.0;False;True;False;True;Default;Default;False;False;False;Default;Default;Default;Default;Default;Default;Default;Default;Default;Default;Default;Default;Default;Default;Default;Default;Default;16;Default;NoMatch;"21,959.368 ns";65.0638 ns;54.3312 ns;1.000;0.00;0.0000;0.0000;32 B;1.00
Trie_GetMatchCountUpperBound;DefaultJob;False;Default;Default;Default;Default;Default;Default;1111111111111111;Empty;RyuJit;Default;X64;8c5e7fda-e8bf-4a96-9a85-a6e23a8c635c;.NET 10.0;False;True;False;True;Default;Default;False;False;False;Default;Default;Default;Default;Default;Default;Default;Default;Default;Default;Default;Default;Default;Default;Default;Default;Default;16;Default;NoMatch;7.070 ns;0.0052 ns;0.0046 ns;0.000;0.00;0.0000;0.0000;0 B;0.00
Trie_MatchToSpan;DefaultJob;False;Default;Default;Default;Default;Default;Default;1111111111111111;Empty;RyuJit;Default;X64;8c5e7fda-e8bf-4a96-9a85-a6e23a8c635c;.NET 10.0;False;True;False;True;Default;Default;False;False;False;Default;Default;Default;Default;Default;Default;Default;Default;Default;Default;Default;Default;Default;Default;Default;Default;Default;16;Default;NoMatch;7.605 ns;0.0143 ns;0.0126 ns;0.000;0.00;0.0000;0.0000;0 B;0.00
Trie_MatchToArray;DefaultJob;False;Default;Default;Default;Default;Default;Default;1111111111111111;Empty;RyuJit;Default;X64;8c5e7fda-e8bf-4a96-9a85-a6e23a8c635c;.NET 10.0;False;True;False;True;Default;Default;False;False;False;Default;Default;Default;Default;Default;Default;Default;Default;Default;Default;Default;Default;Default;Default;Default;Default;Default;16;Default;NoMatch;9.965 ns;0.0341 ns;0.0302 ns;0.000;0.00;0.0057;0.0000;48 B;1.50
Trie_MatchDetailedToSpans;DefaultJob;False;Default;Default;Default;Default;Default;Default;1111111111111111;Empty;RyuJit;Default;X64;8c5e7fda-e8bf-4a96-9a85-a6e23a8c635c;.NET 10.0;False;True;False;True;Default;Default;False;False;False;Default;Default;Default;Default;Default;Default;Default;Default;Default;Default;Default;Default;Default;Default;Default;Default;Default;16;Default;NoMatch;8.229 ns;0.0459 ns;0.0407 ns;0.000;0.00;0.0000;0.0000;0 B;0.00
Trie_MatchDetailedToArray;DefaultJob;False;Default;Default;Default;Default;Default;Default;1111111111111111;Empty;RyuJit;Default;X64;8c5e7fda-e8bf-4a96-9a85-a6e23a8c635c;.NET 10.0;False;True;False;True;Default;Default;False;False;False;Default;Default;Default;Default;Default;Default;Default;Default;Default;Default;Default;Default;Default;Default;Default;Default;Default;16;Default;NoMatch;15.742 ns;0.0423 ns;0.0375 ns;0.001;0.00;0.0000;0.0000;0 B;0.00
NaiveScan_MatchToArray;DefaultJob;False;Default;Default;Default;Default;Default;Default;1111111111111111;Empty;RyuJit;Default;X64;8c5e7fda-e8bf-4a96-9a85-a6e23a8c635c;.NET 10.0;False;True;False;True;Default;Default;False;False;False;Default;Default;Default;Default;Default;Default;Default;Default;Default;Default;Default;Default;Default;Default;Default;Default;Default;16;Default;ParameterCaptures;"7,111.944 ns";25.6417 ns;23.9853 ns;1.000;0.00;0.0076;0.0000;104 B;1.00
Trie_GetMatchCountUpperBound;DefaultJob;False;Default;Default;Default;Default;Default;Default;1111111111111111;Empty;RyuJit;Default;X64;8c5e7fda-e8bf-4a96-9a85-a6e23a8c635c;.NET 10.0;False;True;False;True;Default;Default;False;False;False;Default;Default;Default;Default;Default;Default;Default;Default;Default;Default;Default;Default;Default;Default;Default;Default;Default;16;Default;ParameterCaptures;32.125 ns;0.0349 ns;0.0309 ns;0.005;0.00;0.0000;0.0000;0 B;0.00
Trie_MatchToSpan;DefaultJob;False;Default;Default;Default;Default;Default;Default;1111111111111111;Empty;RyuJit;Default;X64;8c5e7fda-e8bf-4a96-9a85-a6e23a8c635c;.NET 10.0;False;True;False;True;Default;Default;False;False;False;Default;Default;Default;Default;Default;Default;Default;Default;Default;Default;Default;Default;Default;Default;Default;Default;Default;16;Default;ParameterCaptures;35.152 ns;0.0214 ns;0.0189 ns;0.005;0.00;0.0000;0.0000;0 B;0.00
Trie_MatchToArray;DefaultJob;False;Default;Default;Default;Default;Default;Default;1111111111111111;Empty;RyuJit;Default;X64;8c5e7fda-e8bf-4a96-9a85-a6e23a8c635c;.NET 10.0;False;True;False;True;Default;Default;False;False;False;Default;Default;Default;Default;Default;Default;Default;Default;Default;Default;Default;Default;Default;Default;Default;Default;Default;16;Default;ParameterCaptures;53.017 ns;0.0888 ns;0.0787 ns;0.007;0.00;0.0172;0.0000;144 B;1.38
Trie_MatchDetailedToSpans;DefaultJob;False;Default;Default;Default;Default;Default;Default;1111111111111111;Empty;RyuJit;Default;X64;8c5e7fda-e8bf-4a96-9a85-a6e23a8c635c;.NET 10.0;False;True;False;True;Default;Default;False;False;False;Default;Default;Default;Default;Default;Default;Default;Default;Default;Default;Default;Default;Default;Default;Default;Default;Default;16;Default;ParameterCaptures;47.418 ns;0.0544 ns;0.0482 ns;0.007;0.00;0.0000;0.0000;0 B;0.00
Trie_MatchDetailedToArray;DefaultJob;False;Default;Default;Default;Default;Default;Default;1111111111111111;Empty;RyuJit;Default;X64;8c5e7fda-e8bf-4a96-9a85-a6e23a8c635c;.NET 10.0;False;True;False;True;Default;Default;False;False;False;Default;Default;Default;Default;Default;Default;Default;Default;Default;Default;Default;Default;Default;Default;Default;Default;Default;16;Default;ParameterCaptures;147.390 ns;0.7631 ns;0.6765 ns;0.021;0.00;0.0257;0.0000;216 B;2.08
NaiveScan_MatchToArray;DefaultJob;False;Default;Default;Default;Default;Default;Default;1111111111111111;Empty;RyuJit;Default;X64;8c5e7fda-e8bf-4a96-9a85-a6e23a8c635c;.NET 10.0;False;True;False;True;Default;Default;False;False;False;Default;Default;Default;Default;Default;Default;Default;Default;Default;Default;Default;Default;Default;Default;Default;Default;Default;16;Default;CatchAllTerminal;"7,129.420 ns";17.0692 ns;15.9665 ns;1.000;0.00;0.0076;0.0000;104 B;1.00
Trie_GetMatchCountUpperBound;DefaultJob;False;Default;Default;Default;Default;Default;Default;1111111111111111;Empty;RyuJit;Default;X64;8c5e7fda-e8bf-4a96-9a85-a6e23a8c635c;.NET 10.0;False;True;False;True;Default;Default;False;False;False;Default;Default;Default;Default;Default;Default;Default;Default;Default;Default;Default;Default;Default;Default;Default;Default;Default;16;Default;CatchAllTerminal;33.220 ns;0.0657 ns;0.0513 ns;0.005;0.00;0.0000;0.0000;0 B;0.00
Trie_MatchToSpan;DefaultJob;False;Default;Default;Default;Default;Default;Default;1111111111111111;Empty;RyuJit;Default;X64;8c5e7fda-e8bf-4a96-9a85-a6e23a8c635c;.NET 10.0;False;True;False;True;Default;Default;False;False;False;Default;Default;Default;Default;Default;Default;Default;Default;Default;Default;Default;Default;Default;Default;Default;Default;Default;16;Default;CatchAllTerminal;34.736 ns;0.0475 ns;0.0396 ns;0.005;0.00;0.0000;0.0000;0 B;0.00
Trie_MatchToArray;DefaultJob;False;Default;Default;Default;Default;Default;Default;1111111111111111;Empty;RyuJit;Default;X64;8c5e7fda-e8bf-4a96-9a85-a6e23a8c635c;.NET 10.0;False;True;False;True;Default;Default;False;False;False;Default;Default;Default;Default;Default;Default;Default;Default;Default;Default;Default;Default;Default;Default;Default;Default;Default;16;Default;CatchAllTerminal;52.628 ns;0.1535 ns;0.1436 ns;0.007;0.00;0.0172;0.0000;144 B;1.38
Trie_MatchDetailedToSpans;DefaultJob;False;Default;Default;Default;Default;Default;Default;1111111111111111;Empty;RyuJit;Default;X64;8c5e7fda-e8bf-4a96-9a85-a6e23a8c635c;.NET 10.0;False;True;False;True;Default;Default;False;False;False;Default;Default;Default;Default;Default;Default;Default;Default;Default;Default;Default;Default;Default;Default;Default;Default;Default;16;Default;CatchAllTerminal;53.072 ns;0.1174 ns;0.1041 ns;0.007;0.00;0.0000;0.0000;0 B;0.00
Trie_MatchDetailedToArray;DefaultJob;False;Default;Default;Default;Default;Default;Default;1111111111111111;Empty;RyuJit;Default;X64;8c5e7fda-e8bf-4a96-9a85-a6e23a8c635c;.NET 10.0;False;True;False;True;Default;Default;False;False;False;Default;Default;Default;Default;Default;Default;Default;Default;Default;Default;Default;Default;Default;Default;Default;Default;Default;16;Default;CatchAllTerminal;155.784 ns;0.9086 ns;0.8499 ns;0.022;0.00;0.0372;0.0000;312 B;3.00
